x-axis,1
second,Volt
-100.000E-03,-47.990E-03
-99.900E-03,-47.990E-03
-99.800E-03,-47.990E-03
-99.700E-03,-47.990E-03
-99.600E-03,-47.990E-03
-99.500E-03,-47.990E-03
-99.400E-03,-47.990E-03
-99.300E-03,-47.990E-03
-99.200E-03,-47.990E-03
-99.100E-03,-47.990E-03
-99.000E-03,-47.990E-03
-98.900E-03,-47.990E-03
-98.800E-03,-47.990E-03
-98.700E-03,-47.990E-03
-98.600E-03,-47.990E-03
-98.500E-03,-47.990E-03
-98.400E-03,-47.990E-03
-98.300E-03,-47.990E-03
-98.200E-03,-47.990E-03
-98.100E-03,-35.849E-03
-98.000E-03,-47.990E-03
-97.900E-03,-47.990E-03
-97.800E-03,-47.990E-03
-97.700E-03,-47.990E-03
-97.600E-03,-47.990E-03
-97.500E-03,+10.302E-03
-97.400E-03,-47.990E-03
-97.300E-03,-47.990E-03
-97.200E-03,-47.990E-03
-97.100E-03,-47.990E-03
-97.000E-03,-47.990E-03
-96.900E-03,-47.990E-03
-96.800E-03,-47.990E-03
-96.700E-03,-47.990E-03
-96.600E-03,-47.990E-03
-96.500E-03,+31.206E-03
-96.400E-03,-47.990E-03
-96.300E-03,-47.990E-03
-96.200E-03,-47.990E-03
-96.100E-03,-47.990E-03
-96.000E-03,-47.990E-03
-95.900E-03,-81.035E-03
-95.800E-03,-47.990E-03
-95.700E-03,-47.990E-03
-95.600E-03,-47.990E-03
-95.500E-03,-47.990E-03
-95.400E-03,-47.990E-03
-95.300E-03,+19.307E-03
-95.200E-03,-47.990E-03
-95.100E-03,-47.990E-03
-95.000E-03,-47.990E-03
-94.900E-03,-47.990E-03
-94.800E-03,-23.226E-03
-94.700E-03,-47.990E-03
-94.600E-03,-47.990E-03
-94.500E-03,-47.990E-03
-94.400E-03,-47.990E-03
-94.300E-03,-47.990E-03
-94.200E-03,-47.990E-03
-94.100E-03,-47.990E-03
-94.000E-03,-47.990E-03
-93.900E-03,-47.990E-03
-93.800E-03,-47.990E-03
-93.700E-03,-47.990E-03
-93.600E-03,-47.990E-03
-93.500E-03,-47.990E-03
-93.400E-03,-47.990E-03
-93.300E-03,-47.990E-03
-93.200E-03,-61.819E-03
-93.100E-03,-47.990E-03
-93.000E-03,-47.990E-03
-92.900E-03,-47.990E-03
-92.800E-03,-47.990E-03
-92.700E-03,-47.990E-03
-92.600E-03,-47.990E-03
-92.500E-03,-47.990E-03
-92.400E-03,-47.990E-03
-92.300E-03,-47.990E-03
-92.200E-03,-41.879E-03
-92.100E-03,-39.226E-03
-92.000E-03,-47.990E-03
-91.900E-03,-47.990E-03
-91.800E-03,-47.990E-03
-91.700E-03,-47.990E-03
-91.600E-03,-47.990E-03
-91.500E-03,-47.990E-03
-91.400E-03,-47.990E-03
-91.300E-03,-47.990E-03
-91.200E-03,-47.990E-03
-91.100E-03,-47.990E-03
-91.000E-03,-47.990E-03
-90.900E-03,-47.990E-03
-90.800E-03,-47.990E-03
-90.700E-03,-47.990E-03
-90.600E-03,-47.990E-03
-90.500E-03,-47.990E-03
-90.400E-03,-47.990E-03
-90.300E-03,-47.990E-03
-90.200E-03,-47.990E-03
-90.100E-03,-47.990E-03
-90.000E-03,-47.990E-03
-89.900E-03,-47.990E-03
-89.800E-03,-47.990E-03
-89.700E-03,-47.990E-03
-89.600E-03,-47.990E-03
-89.500E-03,-47.990E-03
-89.400E-03,-47.990E-03
-89.300E-03,-47.990E-03
-89.200E-03,-47.990E-03
-89.100E-03,-47.990E-03
-89.000E-03,-47.990E-03
-88.900E-03,-47.990E-03
-88.800E-03,-47.990E-03
-88.700E-03,-47.990E-03
-88.600E-03,-47.990E-03
-88.500E-03,-47.990E-03
-88.400E-03,-47.990E-03
-88.300E-03,-47.990E-03
-88.200E-03,-47.990E-03
-88.100E-03,-47.990E-03
-88.000E-03,+32.412E-03
-87.900E-03,+193.216E-03
-87.800E-03,+434.422E-03
-87.700E-03,+595.226E-03
-87.600E-03,+756.030E-03
-87.500E-03,+866.583E-03
-87.400E-03,+1.077638E+00
-87.300E-03,+1.119206E+00
-87.200E-03,+1.318844E+00
-87.100E-03,+1.399246E+00
-87.000E-03,+1.560050E+00
-86.900E-03,+1.640452E+00
-86.800E-03,+1.801256E+00
-86.700E-03,+1.886241E+00
-86.600E-03,+2.042462E+00
-86.500E-03,+2.122864E+00
-86.400E-03,+2.203266E+00
-86.300E-03,+2.364070E+00
-86.200E-03,+2.444472E+00
-86.100E-03,+2.474141E+00
-86.000E-03,+2.529698E+00
-85.900E-03,+2.685678E+00
-85.800E-03,+2.766080E+00
-85.700E-03,+2.818583E+00
-85.600E-03,+2.926884E+00
-85.500E-03,+2.990804E+00
-85.400E-03,+3.007286E+00
-85.300E-03,+3.087688E+00
-85.200E-03,+3.168090E+00
-85.100E-03,+3.248492E+00
-85.000E-03,+3.248492E+00
-84.900E-03,+3.328894E+00
-84.800E-03,+3.409296E+00
-84.700E-03,+3.409296E+00
-84.600E-03,+3.489698E+00
-84.500E-03,+3.489698E+00
-84.400E-03,+3.570100E+00
-84.300E-03,+3.650502E+00
-84.200E-03,+3.650502E+00
-84.100E-03,+3.650502E+00
-84.000E-03,+3.730904E+00
-83.900E-03,+3.811306E+00
-83.800E-03,+3.811306E+00
-83.700E-03,+3.885839E+00
-83.600E-03,+3.863085E+00
-83.500E-03,+3.954824E+00
-83.400E-03,+3.954905E+00
-83.300E-03,+3.972111E+00
-83.200E-03,+3.972111E+00
-83.100E-03,+4.052513E+00
-83.000E-03,+4.052513E+00
-82.900E-03,+4.104050E+00
-82.800E-03,+4.132915E+00
-82.700E-03,+4.132915E+00
-82.600E-03,+4.213317E+00
-82.500E-03,+4.207286E+00
-82.400E-03,+4.213317E+00
-82.300E-03,+4.218704E+00
-82.200E-03,+4.242422E+00
-82.100E-03,+4.293719E+00
-82.000E-03,+4.293719E+00
-81.900E-03,+4.293719E+00
-81.800E-03,+4.299990E+00
-81.700E-03,+4.333357E+00
-81.600E-03,+4.298864E+00
-81.500E-03,+4.374121E+00
-81.400E-03,+4.374121E+00
-81.300E-03,+4.374121E+00
-81.200E-03,+4.454523E+00
-81.100E-03,+4.454523E+00
-81.000E-03,+4.454523E+00
-80.900E-03,+4.454523E+00
-80.800E-03,+4.534925E+00
-80.700E-03,+4.454523E+00
-80.600E-03,+4.472693E+00
-80.500E-03,+4.507186E+00
-80.400E-03,+4.534925E+00
-80.300E-03,+4.576171E+00
-80.200E-03,+4.534925E+00
-80.100E-03,+4.615327E+00
-80.000E-03,+4.534925E+00
-79.900E-03,+4.596915E+00
-79.800E-03,+4.587829E+00
-79.700E-03,+4.615327E+00
-79.600E-03,+4.615327E+00
-79.500E-03,+4.615327E+00
-79.400E-03,+4.615327E+00
-79.300E-03,+4.615327E+00
-79.200E-03,+4.677075E+00
-79.100E-03,+4.668472E+00
-79.000E-03,+4.615327E+00
-78.900E-03,+4.615327E+00
-78.800E-03,+4.691548E+00
-78.700E-03,+4.665417E+00
-78.600E-03,+4.695729E+00
-78.500E-03,+4.615327E+00
-78.400E-03,+4.642342E+00
-78.300E-03,+4.688251E+00
-78.200E-03,+4.695729E+00
-78.100E-03,+4.699668E+00
-78.000E-03,+4.695729E+00
-77.900E-03,+4.695729E+00
-77.800E-03,+4.695729E+00
-77.700E-03,+4.695729E+00
-77.600E-03,+4.695729E+00
-77.500E-03,+4.695729E+00
-77.400E-03,+4.695729E+00
-77.300E-03,+4.695729E+00
-77.200E-03,+4.761015E+00
-77.100E-03,+4.695729E+00
-77.000E-03,+4.776131E+00
-76.900E-03,+4.695729E+00
-76.800E-03,+4.695729E+00
-76.700E-03,+4.699186E+00
-76.600E-03,+4.776131E+00
-76.500E-03,+4.776131E+00
-76.400E-03,+4.695729E+00
-76.300E-03,+4.749839E+00
-76.200E-03,+4.776131E+00
-76.100E-03,+4.776131E+00
-76.000E-03,+4.776131E+00
-75.900E-03,+4.776131E+00
-75.800E-03,+4.776131E+00
-75.700E-03,+4.776131E+00
-75.600E-03,+4.721779E+00
-75.500E-03,+4.776131E+00
-75.400E-03,+4.776131E+00
-75.300E-03,+4.776131E+00
-75.200E-03,+4.776131E+00
-75.100E-03,+4.776131E+00
-75.000E-03,+4.776131E+00
-74.900E-03,+4.776131E+00
-74.800E-03,+4.776131E+00
-74.700E-03,+4.776131E+00
-74.600E-03,+4.776131E+00
-74.500E-03,+4.776131E+00
-74.400E-03,+4.776131E+00
-74.300E-03,+4.796472E+00
-74.200E-03,+4.776131E+00
-74.100E-03,+4.776131E+00
-74.000E-03,+4.813116E+00
-73.900E-03,+4.856533E+00
-73.800E-03,+4.776131E+00
-73.700E-03,+4.790040E+00
-73.600E-03,+4.776131E+00
-73.500E-03,+4.776131E+00
-73.400E-03,+4.785296E+00
-73.300E-03,+4.776131E+00
-73.200E-03,+4.776131E+00
-73.100E-03,+4.776131E+00
-73.000E-03,+4.776131E+00
-72.900E-03,+4.835709E+00
-72.800E-03,+4.831447E+00
-72.700E-03,+4.776131E+00
-72.600E-03,+4.812633E+00
-72.500E-03,+4.776131E+00
-72.400E-03,+4.824050E+00
-72.300E-03,+4.776131E+00
-72.200E-03,+4.776131E+00
-72.100E-03,+4.776131E+00
-72.000E-03,+4.776131E+00
-71.900E-03,+4.776131E+00
-71.800E-03,+4.776131E+00
-71.700E-03,+4.776131E+00
-71.600E-03,+4.789317E+00
-71.500E-03,+4.797437E+00
-71.400E-03,+4.831929E+00
-71.300E-03,+4.846643E+00
-71.200E-03,+4.776131E+00
-71.100E-03,+4.777658E+00
-71.000E-03,+4.776131E+00
-70.900E-03,+4.843588E+00
-70.800E-03,+4.856533E+00
-70.700E-03,+4.856533E+00
-70.600E-03,+4.786261E+00
-70.500E-03,+4.811910E+00
-70.400E-03,+4.855246E+00
-70.300E-03,+4.776131E+00
-70.200E-03,+4.776131E+00
-70.100E-03,+4.856533E+00
-70.000E-03,+4.832412E+00
-69.900E-03,+4.786502E+00
-69.800E-03,+4.820995E+00
-69.700E-03,+4.777176E+00
-69.600E-03,+4.776131E+00
-69.500E-03,+4.776131E+00
-69.400E-03,+4.834503E+00
-69.300E-03,+4.832653E+00
-69.200E-03,+4.786744E+00
-69.100E-03,+4.811427E+00
-69.000E-03,+4.776935E+00
-68.900E-03,+4.822844E+00
-68.800E-03,+4.844311E+00
-68.700E-03,+4.856533E+00
-68.600E-03,+4.776131E+00
-68.500E-03,+4.786985E+00
-68.400E-03,+4.821477E+00
-68.300E-03,+4.856533E+00
-68.200E-03,+4.822603E+00
-68.100E-03,+4.776131E+00
-68.000E-03,+4.776131E+00
-67.900E-03,+4.799528E+00
-67.800E-03,+4.787226E+00
-67.700E-03,+4.776131E+00
-67.600E-03,+4.856211E+00
-67.500E-03,+4.810301E+00
-67.400E-03,+4.844794E+00
-67.300E-03,+4.833779E+00
-67.200E-03,+4.856533E+00
-67.100E-03,+4.845196E+00
-67.000E-03,+4.821960E+00
-66.900E-03,+4.776131E+00
-66.800E-03,+4.810542E+00
-66.700E-03,+4.845035E+00
-66.600E-03,+4.856533E+00
-66.500E-03,+4.799045E+00
-66.400E-03,+4.787708E+00
-66.300E-03,+4.856533E+00
-66.200E-03,+4.856372E+00
-66.100E-03,+4.821880E+00
-66.000E-03,+4.787387E+00
-65.900E-03,+4.856533E+00
-65.800E-03,+4.833859E+00
-65.700E-03,+4.776131E+00
-65.600E-03,+4.822442E+00
-65.500E-03,+4.776532E+00
-65.400E-03,+4.821638E+00
-65.300E-03,+4.776131E+00
-65.200E-03,+4.799608E+00
-65.100E-03,+4.856533E+00
-65.000E-03,+4.856533E+00
-64.900E-03,+4.822683E+00
-64.800E-03,+4.855890E+00
-64.700E-03,+4.856533E+00
-64.600E-03,+4.776131E+00
-64.500E-03,+4.799849E+00
-64.400E-03,+4.834341E+00
-64.300E-03,+4.844231E+00
-64.200E-03,+4.776131E+00
-64.100E-03,+4.776131E+00
-64.000E-03,+4.821156E+00
-63.900E-03,+4.846000E+00
-63.800E-03,+4.832573E+00
-63.700E-03,+4.798081E+00
-63.600E-03,+4.843990E+00
-63.500E-03,+4.776131E+00
-63.400E-03,+4.856533E+00
-63.300E-03,+4.776131E+00
-63.200E-03,+4.856533E+00
-63.100E-03,+4.776131E+00
-63.000E-03,+4.776131E+00
-62.900E-03,+4.843749E+00
-62.800E-03,+4.856533E+00
-62.700E-03,+4.856533E+00
-62.600E-03,+4.856533E+00
-62.500E-03,+4.846482E+00
-62.400E-03,+4.856533E+00
-62.300E-03,+4.835065E+00
-62.200E-03,+4.856533E+00
-62.100E-03,+4.809015E+00
-62.000E-03,+4.854925E+00
-61.900E-03,+4.856533E+00
-61.800E-03,+4.856533E+00
-61.700E-03,+4.856533E+00
-61.600E-03,+4.856533E+00
-61.500E-03,+4.856533E+00
-61.400E-03,+4.808774E+00
-61.300E-03,+4.854684E+00
-61.200E-03,+4.776131E+00
-61.100E-03,+4.846965E+00
-61.000E-03,+4.801055E+00
-60.900E-03,+4.776131E+00
-60.800E-03,+4.789638E+00
-60.700E-03,+4.776131E+00
-60.600E-03,+4.854442E+00
-60.500E-03,+4.776131E+00
-60.400E-03,+4.856533E+00
-60.300E-03,+4.831367E+00
-60.200E-03,+4.796875E+00
-60.100E-03,+4.789879E+00
-60.000E-03,+4.808292E+00
-59.900E-03,+4.856533E+00
-59.800E-03,+4.812955E+00
-59.700E-03,+4.847447E+00
-59.600E-03,+4.801537E+00
-59.500E-03,+4.856533E+00
-59.400E-03,+4.856533E+00
-59.300E-03,+4.824613E+00
-59.200E-03,+4.853960E+00
-59.100E-03,+4.856533E+00
-59.000E-03,+4.784975E+00
-58.900E-03,+4.856533E+00
-58.800E-03,+4.836271E+00
-58.700E-03,+4.842302E+00
-58.600E-03,+4.776131E+00
-58.500E-03,+4.778944E+00
-58.400E-03,+4.856533E+00
-58.300E-03,+4.784734E+00
-58.200E-03,+4.856533E+00
-58.100E-03,+4.856533E+00
-58.000E-03,+4.856533E+00
-57.900E-03,+4.776131E+00
-57.800E-03,+4.779186E+00
-57.700E-03,+4.856533E+00
-57.600E-03,+4.776131E+00
-57.500E-03,+4.802261E+00
-57.400E-03,+4.856533E+00
-57.300E-03,+4.841819E+00
-57.200E-03,+4.825336E+00
-57.100E-03,+4.779427E+00
-57.000E-03,+4.813919E+00
-56.900E-03,+4.784251E+00
-56.800E-03,+4.856533E+00
-56.700E-03,+4.856533E+00
-56.600E-03,+4.856533E+00
-56.500E-03,+4.856533E+00
-56.400E-03,+4.856533E+00
-56.300E-03,+4.856533E+00
-56.200E-03,+4.856533E+00
-56.100E-03,+4.856533E+00
-56.000E-03,+4.795427E+00
-55.900E-03,+4.776131E+00
-55.800E-03,+4.856533E+00
-55.700E-03,+4.852754E+00
-55.600E-03,+4.776131E+00
-55.500E-03,+4.856533E+00
-55.400E-03,+4.776131E+00
-55.300E-03,+4.776131E+00
-55.200E-03,+4.856533E+00
-55.100E-03,+4.776131E+00
-55.000E-03,+4.780150E+00
-54.900E-03,+4.814643E+00
-54.800E-03,+4.783528E+00
-54.700E-03,+4.776131E+00
-54.600E-03,+4.776131E+00
-54.500E-03,+4.856533E+00
-54.400E-03,+4.806362E+00
-54.300E-03,+4.776131E+00
-54.200E-03,+4.856533E+00
-54.100E-03,+4.849377E+00
-54.000E-03,+4.829196E+00
-53.900E-03,+4.776131E+00
-53.800E-03,+4.840613E+00
-53.700E-03,+4.826542E+00
-53.600E-03,+4.776131E+00
-53.500E-03,+4.817538E+00
-53.400E-03,+4.849618E+00
-53.300E-03,+4.856533E+00
-53.200E-03,+4.794463E+00
-53.100E-03,+4.840372E+00
-53.000E-03,+4.805880E+00
-52.900E-03,+4.780874E+00
-52.800E-03,+4.776131E+00
-52.700E-03,+4.782804E+00
-52.600E-03,+4.856533E+00
-52.500E-03,+4.794221E+00
-52.400E-03,+4.840131E+00
-52.300E-03,+4.827025E+00
-52.200E-03,+4.781115E+00
-52.100E-03,+4.815608E+00
-52.000E-03,+4.856533E+00
-51.900E-03,+4.804191E+00
-51.800E-03,+4.793980E+00
-51.700E-03,+4.792774E+00
-51.600E-03,+4.856533E+00
-51.500E-03,+4.856533E+00
-51.400E-03,+4.856533E+00
-51.300E-03,+4.782322E+00
-51.200E-03,+4.856533E+00
-51.100E-03,+4.776131E+00
-51.000E-03,+4.856533E+00
-50.900E-03,+4.805156E+00
-50.800E-03,+4.851066E+00
-50.700E-03,+4.856533E+00
-50.600E-03,+4.782081E+00
-50.500E-03,+4.827990E+00
-50.400E-03,+4.793498E+00
-50.300E-03,+4.776131E+00
-50.200E-03,+4.827748E+00
-50.100E-03,+4.850824E+00
-50.000E-03,+4.816331E+00
-49.900E-03,+4.850824E+00
-49.800E-03,+4.827749E+00
-49.700E-03,+4.856533E+00
-49.600E-03,+4.793497E+00
-49.500E-03,+4.856533E+00
-49.400E-03,+4.850583E+00
-49.300E-03,+4.856533E+00
-49.200E-03,+4.856533E+00
-49.100E-03,+4.827508E+00
-49.000E-03,+4.856533E+00
-48.900E-03,+4.776131E+00
-48.800E-03,+4.804432E+00
-48.700E-03,+4.776131E+00
-48.600E-03,+4.856533E+00
-48.500E-03,+4.781357E+00
-48.400E-03,+4.856533E+00
-48.300E-03,+4.776131E+00
-48.200E-03,+4.856533E+00
-48.100E-03,+4.856533E+00
-48.000E-03,+4.776131E+00
-47.900E-03,+4.856533E+00
-47.800E-03,+4.851547E+00
-47.700E-03,+4.805638E+00
-47.600E-03,+4.856533E+00
-47.500E-03,+4.856533E+00
-47.400E-03,+4.776131E+00
-47.300E-03,+4.782804E+00
-47.200E-03,+4.817296E+00
-47.100E-03,+4.776131E+00
-47.000E-03,+4.856533E+00
-46.900E-03,+4.792292E+00
-46.800E-03,+4.856533E+00
-46.700E-03,+4.828954E+00
-46.600E-03,+4.856533E+00
-46.500E-03,+4.815126E+00
-46.400E-03,+4.780633E+00
-46.300E-03,+4.826543E+00
-46.200E-03,+4.856533E+00
-46.100E-03,+4.856533E+00
-46.000E-03,+4.776131E+00
-45.900E-03,+4.856533E+00
-45.800E-03,+4.817779E+00
-45.700E-03,+4.780392E+00
-45.600E-03,+4.806361E+00
-45.500E-03,+4.856533E+00
-45.400E-03,+4.856533E+00
-45.300E-03,+4.803226E+00
-45.200E-03,+4.783527E+00
-45.100E-03,+4.856533E+00
-45.000E-03,+4.780151E+00
-44.900E-03,+4.826061E+00
-44.800E-03,+4.856533E+00
-44.700E-03,+4.837478E+00
-44.600E-03,+4.856533E+00
-44.500E-03,+4.848895E+00
-44.400E-03,+4.856533E+00
-44.300E-03,+4.856533E+00
-44.200E-03,+4.856533E+00
-44.100E-03,+4.791327E+00
-44.000E-03,+4.856533E+00
-43.900E-03,+4.856533E+00
-43.800E-03,+4.856533E+00
-43.700E-03,+4.818502E+00
-43.600E-03,+4.779669E+00
-43.500E-03,+4.856533E+00
-43.400E-03,+4.841578E+00
-43.300E-03,+4.776131E+00
-43.200E-03,+4.856533E+00
-43.100E-03,+4.848412E+00
-43.000E-03,+4.856533E+00
-42.900E-03,+4.853236E+00
-42.800E-03,+4.825337E+00
-42.700E-03,+4.856533E+00
-42.600E-03,+4.856533E+00
-42.500E-03,+4.830402E+00
-42.400E-03,+4.848171E+00
-42.300E-03,+4.818985E+00
-42.200E-03,+4.853477E+00
-42.100E-03,+4.776131E+00
-42.000E-03,+4.842060E+00
-41.900E-03,+4.856533E+00
-41.800E-03,+4.856533E+00
-41.700E-03,+4.776131E+00
-41.600E-03,+4.813437E+00
-41.500E-03,+4.856533E+00
-41.400E-03,+4.776131E+00
-41.300E-03,+4.790362E+00
-41.200E-03,+4.796392E+00
-41.100E-03,+4.856533E+00
-41.000E-03,+4.847689E+00
-40.900E-03,+4.856533E+00
-40.800E-03,+4.778704E+00
-40.700E-03,+4.856533E+00
-40.600E-03,+4.776131E+00
-40.500E-03,+4.776131E+00
-40.400E-03,+4.801538E+00
-40.300E-03,+4.785216E+00
-40.200E-03,+4.776131E+00
-40.100E-03,+4.778463E+00
-40.000E-03,+4.808291E+00
-39.900E-03,+4.856533E+00
-39.800E-03,+4.856533E+00
-39.700E-03,+4.801297E+00
-39.600E-03,+4.856533E+00
-39.500E-03,+4.856533E+00
-39.400E-03,+4.854442E+00
-39.300E-03,+4.808532E+00
-39.200E-03,+4.843025E+00
-39.100E-03,+4.856533E+00
-39.000E-03,+4.856533E+00
-38.900E-03,+4.785698E+00
-38.800E-03,+4.856533E+00
-38.700E-03,+4.854683E+00
-38.600E-03,+4.856533E+00
-38.500E-03,+4.856533E+00
-38.400E-03,+4.776131E+00
-38.300E-03,+4.856533E+00
-38.200E-03,+4.846724E+00
-38.100E-03,+4.812231E+00
-38.000E-03,+4.854924E+00
-37.900E-03,+4.823649E+00
-37.800E-03,+4.856533E+00
-37.700E-03,+4.776131E+00
-37.600E-03,+4.800573E+00
-37.500E-03,+4.776131E+00
-37.400E-03,+4.856533E+00
-37.300E-03,+4.776131E+00
-37.200E-03,+4.856533E+00
-37.100E-03,+4.856533E+00
-37.000E-03,+4.856533E+00
-36.900E-03,+4.832331E+00
-36.800E-03,+4.856533E+00
-36.700E-03,+4.856533E+00
-36.600E-03,+4.855407E+00
-36.500E-03,+4.823166E+00
-36.400E-03,+4.856533E+00
-36.300E-03,+4.798080E+00
-36.200E-03,+4.856533E+00
-36.100E-03,+4.776131E+00
-36.000E-03,+4.856533E+00
-35.900E-03,+4.777015E+00
-35.800E-03,+4.809738E+00
-35.700E-03,+4.844231E+00
-35.600E-03,+4.856533E+00
-35.500E-03,+4.776131E+00
-35.400E-03,+4.845759E+00
-35.300E-03,+4.811267E+00
-35.200E-03,+4.776774E+00
-35.100E-03,+4.856533E+00
-35.000E-03,+4.856533E+00
-34.900E-03,+4.776131E+00
-34.800E-03,+4.856533E+00
-34.700E-03,+4.856533E+00
-34.600E-03,+4.856533E+00
-34.500E-03,+4.856533E+00
-34.400E-03,+4.776131E+00
-34.300E-03,+4.856533E+00
-34.200E-03,+4.776131E+00
-34.100E-03,+4.833296E+00
-34.000E-03,+4.856533E+00
-33.900E-03,+4.821879E+00
-33.800E-03,+4.856533E+00
-33.700E-03,+4.856533E+00
-33.600E-03,+4.787709E+00
-33.500E-03,+4.833618E+00
-33.400E-03,+4.799126E+00
-33.300E-03,+4.856533E+00
-33.200E-03,+4.822120E+00
-33.100E-03,+4.856453E+00
-33.000E-03,+4.810703E+00
-32.900E-03,+4.787468E+00
-32.800E-03,+4.856533E+00
-32.700E-03,+4.798885E+00
-32.600E-03,+4.856533E+00
-32.500E-03,+4.822361E+00
-32.400E-03,+4.776452E+00
-32.300E-03,+4.776131E+00
-32.200E-03,+4.856533E+00
-32.100E-03,+4.856533E+00
-32.000E-03,+4.776131E+00
-31.900E-03,+4.844553E+00
-31.800E-03,+4.856533E+00
-31.700E-03,+4.855970E+00
-31.600E-03,+4.856533E+00
-31.500E-03,+4.856533E+00
-31.400E-03,+4.856533E+00
-31.300E-03,+4.856533E+00
-31.200E-03,+4.856533E+00
-31.100E-03,+4.809819E+00
-31.000E-03,+4.776131E+00
-30.900E-03,+4.811427E+00
-30.800E-03,+4.856533E+00
-30.700E-03,+4.856533E+00
-30.600E-03,+4.856533E+00
-30.500E-03,+4.788593E+00
-30.400E-03,+4.776131E+00
-30.300E-03,+4.777175E+00
-30.200E-03,+4.811668E+00
-30.100E-03,+4.776131E+00
-30.000E-03,+4.832412E+00
-29.900E-03,+4.797920E+00
-29.800E-03,+4.788834E+00
-29.700E-03,+4.809337E+00
-29.600E-03,+4.856533E+00
-29.500E-03,+4.856533E+00
-29.400E-03,+4.776131E+00
-29.300E-03,+4.856533E+00
-29.200E-03,+4.856533E+00
-29.100E-03,+4.789075E+00
-29.000E-03,+4.823567E+00
-28.900E-03,+4.856533E+00
-28.800E-03,+4.856533E+00
-28.700E-03,+4.786020E+00
-28.600E-03,+4.856533E+00
-28.500E-03,+4.856533E+00
-28.400E-03,+4.776131E+00
-28.300E-03,+4.808855E+00
-28.200E-03,+4.856533E+00
-28.100E-03,+4.776131E+00
-28.000E-03,+4.776131E+00
-27.900E-03,+4.856533E+00
-27.800E-03,+4.835467E+00
-27.700E-03,+4.856533E+00
-27.600E-03,+4.856533E+00
-27.500E-03,+4.778140E+00
-27.400E-03,+4.856533E+00
-27.300E-03,+4.785538E+00
-27.200E-03,+4.801216E+00
-27.100E-03,+4.796955E+00
-27.000E-03,+4.856533E+00
-26.900E-03,+4.808372E+00
-26.800E-03,+4.776131E+00
-26.700E-03,+4.856533E+00
-26.600E-03,+4.856533E+00
-26.500E-03,+4.831206E+00
-26.400E-03,+4.856533E+00
-26.300E-03,+4.856533E+00
-26.200E-03,+4.856533E+00
-26.100E-03,+4.776131E+00
-26.000E-03,+4.776131E+00
-25.900E-03,+4.847608E+00
-25.800E-03,+4.856533E+00
-25.700E-03,+4.856533E+00
-25.600E-03,+4.790281E+00
-25.500E-03,+4.807890E+00
-25.400E-03,+4.778864E+00
-25.300E-03,+4.856533E+00
-25.200E-03,+4.784814E+00
-25.100E-03,+4.830724E+00
-25.000E-03,+4.776131E+00
-24.900E-03,+4.790522E+00
-24.800E-03,+4.776131E+00
-24.700E-03,+4.856533E+00
-24.600E-03,+4.856533E+00
-24.500E-03,+4.856533E+00
-24.400E-03,+4.856533E+00
-24.300E-03,+4.795990E+00
-24.200E-03,+4.790763E+00
-24.100E-03,+4.856533E+00
-24.000E-03,+4.856533E+00
-23.900E-03,+4.813839E+00
-23.800E-03,+4.848331E+00
-23.700E-03,+4.856533E+00
-23.600E-03,+4.836914E+00
-23.500E-03,+4.856533E+00
-23.400E-03,+4.807166E+00
-23.300E-03,+4.779587E+00
-23.200E-03,+4.856533E+00
-23.100E-03,+4.856533E+00
-23.000E-03,+4.802663E+00
-22.900E-03,+4.776131E+00
-22.800E-03,+4.856533E+00
-22.700E-03,+4.856533E+00
-22.600E-03,+4.852835E+00
-22.500E-03,+4.776131E+00
-22.400E-03,+4.856533E+00
-22.300E-03,+4.829759E+00
-22.200E-03,+4.856533E+00
-22.100E-03,+4.856533E+00
-22.000E-03,+4.856533E+00
-21.900E-03,+4.780070E+00
-21.800E-03,+4.818101E+00
-21.700E-03,+4.849055E+00
-21.600E-03,+4.856533E+00
-21.500E-03,+4.856533E+00
-21.400E-03,+4.840935E+00
-21.300E-03,+4.856533E+00
-21.200E-03,+4.856533E+00
-21.100E-03,+4.776131E+00
-21.000E-03,+4.856533E+00
-20.900E-03,+4.856533E+00
-20.800E-03,+4.837879E+00
-20.700E-03,+4.856533E+00
-20.600E-03,+4.826462E+00
-20.500E-03,+4.856533E+00
-20.400E-03,+4.817618E+00
-20.300E-03,+4.783126E+00
-20.200E-03,+4.856533E+00
-20.100E-03,+4.856533E+00
-20.000E-03,+4.792211E+00
-19.900E-03,+4.805960E+00
-19.800E-03,+4.851870E+00
-19.700E-03,+4.815286E+00
-19.600E-03,+4.849778E+00
-19.500E-03,+4.776131E+00
-19.400E-03,+4.794302E+00
-19.300E-03,+4.792452E+00
-19.200E-03,+4.826944E+00
-19.100E-03,+4.856533E+00
-19.000E-03,+4.815527E+00
-18.900E-03,+4.782644E+00
-18.800E-03,+4.828553E+00
-18.700E-03,+4.856533E+00
-18.600E-03,+4.856533E+00
-18.500E-03,+4.776131E+00
-18.400E-03,+4.781276E+00
-18.300E-03,+4.815768E+00
-18.200E-03,+4.850261E+00
-18.100E-03,+4.856533E+00
-18.000E-03,+4.838844E+00
-17.900E-03,+4.856533E+00
-17.800E-03,+4.776131E+00
-17.700E-03,+4.781517E+00
-17.600E-03,+4.856533E+00
-17.500E-03,+4.850502E+00
-17.400E-03,+4.804592E+00
-17.300E-03,+4.776131E+00
-17.200E-03,+4.793175E+00
-17.100E-03,+4.827668E+00
-17.000E-03,+4.856533E+00
-16.900E-03,+4.856533E+00
-16.800E-03,+4.776131E+00
-16.700E-03,+4.804834E+00
-16.600E-03,+4.856533E+00
-16.500E-03,+4.856533E+00
-16.400E-03,+4.827909E+00
-16.300E-03,+4.856533E+00
-16.200E-03,+4.776131E+00
-16.100E-03,+4.856533E+00
-16.000E-03,+4.827588E+00
-15.900E-03,+4.793096E+00
-15.800E-03,+4.793658E+00
-15.700E-03,+4.776131E+00
-15.600E-03,+4.856533E+00
-15.500E-03,+4.856533E+00
-15.400E-03,+4.851226E+00
-15.300E-03,+4.805316E+00
-15.200E-03,+4.856533E+00
-15.100E-03,+4.776131E+00
-15.000E-03,+4.776131E+00
-14.900E-03,+4.856533E+00
-14.800E-03,+4.776131E+00
-14.700E-03,+4.781196E+00
-14.600E-03,+4.827106E+00
-14.500E-03,+4.792613E+00
-14.400E-03,+4.838523E+00
-14.300E-03,+4.776131E+00
-14.200E-03,+4.849940E+00
-14.100E-03,+4.817216E+00
-14.000E-03,+4.856533E+00
-13.900E-03,+4.856533E+00
-13.800E-03,+4.840291E+00
-13.700E-03,+4.794381E+00
-13.600E-03,+4.856533E+00
-13.500E-03,+4.856533E+00
-13.400E-03,+4.815206E+00
-13.300E-03,+4.856533E+00
-13.200E-03,+4.776131E+00
-13.100E-03,+4.792131E+00
-13.000E-03,+4.794623E+00
-12.900E-03,+4.856533E+00
-12.800E-03,+4.783206E+00
-12.700E-03,+4.856533E+00
-12.600E-03,+4.776131E+00
-12.500E-03,+4.856533E+00
-12.400E-03,+4.840773E+00
-12.300E-03,+4.794864E+00
-12.200E-03,+4.776131E+00
-12.100E-03,+4.849216E+00
-12.000E-03,+4.817939E+00
-11.900E-03,+4.856533E+00
-11.800E-03,+4.856533E+00
-11.700E-03,+4.856533E+00
-11.600E-03,+4.856533E+00
-11.500E-03,+4.856533E+00
-11.400E-03,+4.856533E+00
-11.300E-03,+4.856533E+00
-11.200E-03,+4.852673E+00
-11.100E-03,+4.856533E+00
-11.000E-03,+4.856533E+00
-10.900E-03,+4.795346E+00
-10.800E-03,+4.829839E+00
-10.700E-03,+4.776131E+00
-10.600E-03,+4.856533E+00
-10.500E-03,+4.779749E+00
-10.400E-03,+4.807005E+00
-10.300E-03,+4.841497E+00
-10.200E-03,+4.856533E+00
-10.100E-03,+4.830080E+00
-10.000E-03,+4.848493E+00
-9.900E-03,+4.818663E+00
-9.800E-03,+4.856533E+00
-9.700E-03,+4.825418E+00
-9.600E-03,+4.856533E+00
-9.500E-03,+4.795829E+00
-9.400E-03,+4.776131E+00
-9.300E-03,+4.856533E+00
-9.200E-03,+4.856533E+00
-9.100E-03,+4.779267E+00
-9.000E-03,+4.807487E+00
-8.900E-03,+4.790684E+00
-8.800E-03,+4.836593E+00
-8.700E-03,+4.830562E+00
-8.600E-03,+4.856533E+00
-8.500E-03,+4.819145E+00
-8.400E-03,+4.856533E+00
-8.300E-03,+4.856533E+00
-8.200E-03,+4.842221E+00
-8.100E-03,+4.836352E+00
-8.000E-03,+4.801860E+00
-7.900E-03,+4.856533E+00
-7.800E-03,+4.819386E+00
-7.700E-03,+4.776131E+00
-7.600E-03,+4.824694E+00
-7.500E-03,+4.856533E+00
-7.400E-03,+4.856533E+00
-7.300E-03,+4.831045E+00
-7.200E-03,+4.856533E+00
-7.100E-03,+4.856533E+00
-7.000E-03,+4.778543E+00
-6.900E-03,+4.824453E+00
-6.800E-03,+4.789960E+00
-6.700E-03,+4.856533E+00
-6.600E-03,+4.831286E+00
-6.500E-03,+4.785376E+00
-6.400E-03,+4.776131E+00
-6.300E-03,+4.778302E+00
-6.200E-03,+4.856533E+00
-6.100E-03,+4.856533E+00
-6.000E-03,+4.856533E+00
-5.900E-03,+4.776131E+00
-5.800E-03,+4.776131E+00
-5.700E-03,+4.856533E+00
-5.600E-03,+4.856533E+00
-5.500E-03,+4.776131E+00
-5.400E-03,+4.776131E+00
-5.300E-03,+4.856533E+00
-5.200E-03,+4.856533E+00
-5.100E-03,+4.846804E+00
-5.000E-03,+4.820351E+00
-4.900E-03,+4.777820E+00
-4.800E-03,+4.808934E+00
-4.700E-03,+4.856533E+00
-4.600E-03,+4.797517E+00
-4.500E-03,+4.856533E+00
-4.400E-03,+4.856533E+00
-4.300E-03,+4.776131E+00
-4.200E-03,+4.855085E+00
-4.100E-03,+4.776131E+00
-4.000E-03,+4.856533E+00
-3.900E-03,+4.776131E+00
-3.800E-03,+4.856533E+00
-3.700E-03,+4.846322E+00
-3.600E-03,+4.776131E+00
-3.500E-03,+4.856533E+00
-3.400E-03,+4.776131E+00
-3.300E-03,+4.856533E+00
-3.200E-03,+4.834664E+00
-3.100E-03,+4.832492E+00
-3.000E-03,+4.786582E+00
-2.900E-03,+4.856533E+00
-2.800E-03,+4.856533E+00
-2.700E-03,+4.856533E+00
-2.600E-03,+4.788513E+00
-2.500E-03,+4.798241E+00
-2.400E-03,+4.776131E+00
-2.300E-03,+4.856533E+00
-2.200E-03,+4.856533E+00
-2.100E-03,+4.856533E+00
-2.000E-03,+4.856533E+00
-1.900E-03,+4.856533E+00
-1.800E-03,+4.776131E+00
-1.700E-03,+4.776131E+00
-1.600E-03,+4.776131E+00
-1.500E-03,+4.776131E+00
-1.400E-03,+4.776614E+00
-1.300E-03,+4.822523E+00
-1.200E-03,+4.856533E+00
-1.100E-03,+4.856533E+00
-1.000E-03,+4.833216E+00
-900E-06,+4.787306E+00
-800E-06,+4.810865E+00
-700E-06,+4.856533E+00
-600E-06,+4.856533E+00
-500E-06,+4.856533E+00
-400E-06,+4.798964E+00
-300E-06,+4.856533E+00
-200E-06,+4.856533E+00
-100E-06,+4.822040E+00
+0.0E+00,+112.814E-03
+100E-06,-47.990E-03
+200E-06,-47.990E-03
+300E-06,-105.317E-03
+400E-06,-47.990E-03
+500E-06,-47.990E-03
+600E-06,-47.990E-03
+700E-06,-47.990E-03
+800E-06,-47.990E-03
+900E-06,-47.990E-03
+1.000E-03,-47.990E-03
+1.100E-03,-47.990E-03
+1.200E-03,-47.990E-03
+1.300E-03,-47.990E-03
+1.400E-03,-47.990E-03
+1.500E-03,-2.562E-03
+1.600E-03,-47.990E-03
+1.700E-03,-47.990E-03
+1.800E-03,-47.990E-03
+1.900E-03,-47.990E-03
+2.000E-03,-94.623E-03
+2.100E-03,-47.990E-03
+2.200E-03,-83.205E-03
+2.300E-03,-47.990E-03
+2.400E-03,-47.990E-03
+2.500E-03,-47.990E-03
+2.600E-03,-47.990E-03
+2.700E-03,-47.990E-03
+2.800E-03,+30.483E-03
+2.900E-03,-47.990E-03
+3.000E-03,-47.990E-03
+3.100E-03,-47.990E-03
+3.200E-03,-47.990E-03
+3.300E-03,-47.990E-03
+3.400E-03,-47.990E-03
+3.500E-03,-47.990E-03
+3.600E-03,-47.990E-03
+3.700E-03,-47.990E-03
+3.800E-03,-104.111E-03
+3.900E-03,-47.990E-03
+4.000E-03,-47.990E-03
+4.100E-03,-47.990E-03
+4.200E-03,-47.990E-03
+4.300E-03,-47.990E-03
+4.400E-03,-47.990E-03
+4.500E-03,-47.990E-03
+4.600E-03,-47.990E-03
+4.700E-03,-47.990E-03
+4.800E-03,-47.990E-03
+4.900E-03,-47.990E-03
+5.000E-03,-47.990E-03
+5.100E-03,-47.990E-03
+5.200E-03,-47.990E-03
+5.300E-03,-47.990E-03
+5.400E-03,-61.336E-03
+5.500E-03,-47.990E-03
+5.600E-03,-47.990E-03
+5.700E-03,-47.990E-03
+5.800E-03,-47.990E-03
+5.900E-03,-47.990E-03
+6.000E-03,-47.990E-03
+6.100E-03,-47.990E-03
+6.200E-03,-47.990E-03
+6.300E-03,-126.222E-03
+6.400E-03,-47.990E-03
+6.500E-03,-47.990E-03
+6.600E-03,-47.990E-03
+6.700E-03,-47.990E-03
+6.800E-03,-47.990E-03
+6.900E-03,-47.990E-03
+7.000E-03,-47.990E-03
+7.100E-03,-47.990E-03
+7.200E-03,-47.990E-03
+7.300E-03,-47.990E-03
+7.400E-03,-47.990E-03
+7.500E-03,-47.990E-03
+7.600E-03,-47.990E-03
+7.700E-03,+29.759E-03
+7.800E-03,-47.990E-03
+7.900E-03,-119.628E-03
+8.000E-03,-47.990E-03
+8.100E-03,-47.990E-03
+8.200E-03,-47.990E-03
+8.300E-03,-47.990E-03
+8.400E-03,-47.990E-03
+8.500E-03,-4.974E-03
+8.600E-03,-47.990E-03
+8.700E-03,-47.990E-03
+8.800E-03,-47.990E-03
+8.900E-03,-47.990E-03
+9.000E-03,-47.990E-03
+9.100E-03,-47.990E-03
+9.200E-03,-47.990E-03
+9.300E-03,-47.990E-03
+9.400E-03,-47.990E-03
+9.500E-03,-47.990E-03
+9.600E-03,-47.990E-03
+9.700E-03,-47.990E-03
+9.800E-03,-47.990E-03
+9.900E-03,-47.990E-03
+10.000E-03,-47.990E-03
+10.100E-03,-47.990E-03
+10.200E-03,-47.990E-03
+10.300E-03,-47.990E-03
+10.400E-03,-47.990E-03
+10.500E-03,-47.990E-03
+10.600E-03,-47.990E-03
+10.700E-03,-55.790E-03
+10.800E-03,-47.990E-03
+10.900E-03,-47.990E-03
+11.000E-03,-47.990E-03
+11.100E-03,-47.990E-03
+11.200E-03,-47.990E-03
+11.300E-03,-47.990E-03
+11.400E-03,-47.990E-03
+11.500E-03,-47.990E-03
+11.600E-03,-47.990E-03
+11.700E-03,-32.473E-03
+11.800E-03,-47.990E-03
+11.900E-03,-43.890E-03
+12.000E-03,-86.582E-03
+12.100E-03,-47.990E-03
+12.200E-03,-47.990E-03
+12.300E-03,-109.658E-03
+12.400E-03,-47.990E-03
+12.500E-03,-47.990E-03
+12.600E-03,-47.990E-03
+12.700E-03,-47.990E-03
+12.800E-03,-47.990E-03
+12.900E-03,-47.990E-03
+13.000E-03,-47.990E-03
+13.100E-03,-47.990E-03
+13.200E-03,-47.990E-03
+13.300E-03,-47.990E-03
+13.400E-03,-47.990E-03
+13.500E-03,-47.990E-03
+13.600E-03,-47.990E-03
+13.700E-03,-47.990E-03
+13.800E-03,-47.990E-03
+13.900E-03,-47.990E-03
+14.000E-03,-47.990E-03
+14.100E-03,-47.990E-03
+14.200E-03,-47.990E-03
+14.300E-03,-47.990E-03
+14.400E-03,-110.381E-03
+14.500E-03,-47.990E-03
+14.600E-03,-47.990E-03
+14.700E-03,-47.990E-03
+14.800E-03,-47.990E-03
+14.900E-03,-47.990E-03
+15.000E-03,-47.990E-03
+15.100E-03,-47.990E-03
+15.200E-03,-47.990E-03
+15.300E-03,-47.990E-03
+15.400E-03,-47.990E-03
+15.500E-03,-47.990E-03
+15.600E-03,-47.990E-03
+15.700E-03,-47.990E-03
+15.800E-03,-47.990E-03
+15.900E-03,-31.026E-03
+16.000E-03,-47.990E-03
+16.100E-03,-47.990E-03
+16.200E-03,-88.030E-03
+16.300E-03,+26.542E-03
+16.400E-03,-47.990E-03
+16.500E-03,-47.990E-03
+16.600E-03,-47.990E-03
+16.700E-03,-47.990E-03
+16.800E-03,-47.990E-03
+16.900E-03,-47.990E-03
+17.000E-03,-47.990E-03
+17.100E-03,-47.990E-03
+17.200E-03,-111.346E-03
+17.300E-03,-47.990E-03
+17.400E-03,-47.990E-03
+17.500E-03,-47.990E-03
+17.600E-03,-47.990E-03
+17.700E-03,-47.990E-03
+17.800E-03,-47.990E-03
+17.900E-03,-47.990E-03
+18.000E-03,-30.302E-03
+18.100E-03,-47.990E-03
+18.200E-03,-47.990E-03
+18.300E-03,-47.990E-03
+18.400E-03,-42.844E-03
+18.500E-03,-47.990E-03
+18.600E-03,-47.990E-03
+18.700E-03,-47.990E-03
+18.800E-03,-47.990E-03
+18.900E-03,-47.990E-03
+19.000E-03,-47.990E-03
+19.100E-03,-47.990E-03
+19.200E-03,-47.990E-03
+19.300E-03,-31.668E-03
+19.400E-03,-47.990E-03
+19.500E-03,-47.990E-03
+19.600E-03,-47.990E-03
+19.700E-03,-47.990E-03
+19.800E-03,-47.990E-03
+19.900E-03,-47.990E-03
+20.000E-03,-47.990E-03
+20.100E-03,-47.990E-03
+20.200E-03,-47.990E-03
+20.300E-03,-47.990E-03
+20.400E-03,-47.990E-03
+20.500E-03,-47.990E-03
+20.600E-03,-47.990E-03
+20.700E-03,-47.990E-03
+20.800E-03,-47.990E-03
+20.900E-03,-47.990E-03
+21.000E-03,-47.990E-03
+21.100E-03,-47.990E-03
+21.200E-03,-47.990E-03
+21.300E-03,-47.990E-03
+21.400E-03,-47.990E-03
+21.500E-03,-47.990E-03
+21.600E-03,-47.990E-03
+21.700E-03,-47.990E-03
+21.800E-03,-6.021E-03
+21.900E-03,-47.990E-03
+22.000E-03,+1.860E-03
+22.100E-03,-47.990E-03
+22.200E-03,-47.990E-03
+22.300E-03,-47.990E-03
+22.400E-03,-47.990E-03
+22.500E-03,-47.990E-03
+22.600E-03,-47.990E-03
+22.700E-03,-47.990E-03
+22.800E-03,-47.990E-03
+22.900E-03,-47.990E-03
+23.000E-03,-47.990E-03
+23.100E-03,-47.990E-03
+23.200E-03,-47.990E-03
+23.300E-03,-47.990E-03
+23.400E-03,-47.990E-03
+23.500E-03,-47.990E-03
+23.600E-03,-47.990E-03
+23.700E-03,-47.990E-03
+23.800E-03,-47.990E-03
+23.900E-03,-47.990E-03
+24.000E-03,-47.990E-03
+24.100E-03,-47.990E-03
+24.200E-03,-47.990E-03
+24.300E-03,-47.990E-03
+24.400E-03,-47.990E-03
+24.500E-03,-47.990E-03
+24.600E-03,-90.924E-03
+24.700E-03,-47.990E-03
+24.800E-03,-47.990E-03
+24.900E-03,-47.990E-03
+25.000E-03,-47.990E-03
+25.100E-03,-47.990E-03
+25.200E-03,-47.990E-03
+25.300E-03,-47.990E-03
+25.400E-03,-47.990E-03
+25.500E-03,-16.232E-03
+25.600E-03,-33.839E-03
+25.700E-03,-47.990E-03
+25.800E-03,-47.990E-03
+25.900E-03,-56.914E-03
+26.000E-03,-47.990E-03
+26.100E-03,-47.990E-03
+26.200E-03,-47.990E-03
+26.300E-03,-34.080E-03
+26.400E-03,+11.830E-03
+26.500E-03,-47.990E-03
+26.600E-03,-47.990E-03
+26.700E-03,-47.990E-03
+26.800E-03,-126.140E-03
+26.900E-03,-15.749E-03
+27.000E-03,-47.990E-03
+27.100E-03,-47.990E-03
+27.200E-03,-47.990E-03
+27.300E-03,-47.990E-03
+27.400E-03,-47.990E-03
+27.500E-03,-45.979E-03
+27.600E-03,-47.990E-03
+27.700E-03,-47.990E-03
+27.800E-03,-47.990E-03
+27.900E-03,-47.990E-03
+28.000E-03,-47.990E-03
+28.100E-03,-47.990E-03
+28.200E-03,-128.392E-03
+28.300E-03,-15.267E-03
+28.400E-03,-115.205E-03
+28.500E-03,-47.990E-03
+28.600E-03,-47.990E-03
+28.700E-03,-47.990E-03
+28.800E-03,-47.990E-03
+28.900E-03,-47.990E-03
+29.000E-03,-47.990E-03
+29.100E-03,-47.990E-03
+29.200E-03,+10.865E-03
+29.300E-03,-47.990E-03
+29.400E-03,-58.120E-03
+29.500E-03,-47.990E-03
+29.600E-03,-47.990E-03
+29.700E-03,-47.990E-03
+29.800E-03,-47.990E-03
+29.900E-03,-47.990E-03
+30.000E-03,-23.869E-03
+30.100E-03,-47.990E-03
+30.200E-03,-47.990E-03
+30.300E-03,-47.990E-03
+30.400E-03,-47.990E-03
+30.500E-03,-47.990E-03
+30.600E-03,-47.990E-03
+30.700E-03,-47.990E-03
+30.800E-03,-47.990E-03
+30.900E-03,-47.990E-03
+31.000E-03,-47.990E-03
+31.100E-03,-47.990E-03
+31.200E-03,-47.990E-03
+31.300E-03,-47.990E-03
+31.400E-03,-47.990E-03
+31.500E-03,-47.990E-03
+31.600E-03,-47.990E-03
+31.700E-03,-47.990E-03
+31.800E-03,-47.990E-03
+31.900E-03,-47.990E-03
+32.000E-03,-47.990E-03
+32.100E-03,-47.990E-03
+32.200E-03,-47.990E-03
+32.300E-03,-47.990E-03
+32.400E-03,-47.990E-03
+32.500E-03,-47.990E-03
+32.600E-03,-47.990E-03
+32.700E-03,-47.990E-03
+32.800E-03,-47.990E-03
+32.900E-03,-47.990E-03
+33.000E-03,-47.990E-03
+33.100E-03,-47.990E-03
+33.200E-03,-47.990E-03
+33.300E-03,-47.990E-03
+33.400E-03,-47.990E-03
+33.500E-03,-47.990E-03
+33.600E-03,-47.990E-03
+33.700E-03,-47.990E-03
+33.800E-03,-47.990E-03
+33.900E-03,-47.990E-03
+34.000E-03,-47.990E-03
+34.100E-03,-47.990E-03
+34.200E-03,-47.990E-03
+34.300E-03,-47.990E-03
+34.400E-03,-47.990E-03
+34.500E-03,-47.990E-03
+34.600E-03,-47.990E-03
+34.700E-03,-47.990E-03
+34.800E-03,-47.990E-03
+34.900E-03,-47.990E-03
+35.000E-03,-47.990E-03
+35.100E-03,-47.990E-03
+35.200E-03,-48.632E-03
+35.300E-03,-47.990E-03
+35.400E-03,-47.990E-03
+35.500E-03,-47.990E-03
+35.600E-03,-47.990E-03
+35.700E-03,-47.990E-03
+35.800E-03,-47.990E-03
+35.900E-03,-47.990E-03
+36.000E-03,-47.990E-03
+36.100E-03,-47.990E-03
+36.200E-03,-104.433E-03
+36.300E-03,-47.990E-03
+36.400E-03,+19.870E-03
+36.500E-03,-47.990E-03
+36.600E-03,-47.990E-03
+36.700E-03,-47.990E-03
+36.800E-03,-118.100E-03
+36.900E-03,+8.212E-03
+37.000E-03,-47.990E-03
+37.100E-03,-47.990E-03
+37.200E-03,-47.990E-03
+37.300E-03,-47.990E-03
+37.400E-03,-47.990E-03
+37.500E-03,-47.990E-03
+37.600E-03,-47.990E-03
+37.700E-03,-47.990E-03
+37.800E-03,-47.990E-03
+37.900E-03,-47.990E-03
+38.000E-03,-47.990E-03
+38.100E-03,-47.990E-03
+38.200E-03,-47.990E-03
+38.300E-03,+7.729E-03
+38.400E-03,-47.990E-03
+38.500E-03,-47.990E-03
+38.600E-03,-47.990E-03
+38.700E-03,-47.990E-03
+38.800E-03,-47.990E-03
+38.900E-03,-47.990E-03
+39.000E-03,-47.990E-03
+39.100E-03,-47.990E-03
+39.200E-03,-47.990E-03
+39.300E-03,-47.990E-03
+39.400E-03,-47.990E-03
+39.500E-03,-47.990E-03
+39.600E-03,-47.990E-03
+39.700E-03,+7.247E-03
+39.800E-03,-27.246E-03
+39.900E-03,+18.664E-03
+40.000E-03,-47.990E-03
+40.100E-03,-47.990E-03
+40.200E-03,-47.990E-03
+40.300E-03,-47.990E-03
+40.400E-03,-47.990E-03
+40.500E-03,-47.990E-03
+40.600E-03,-47.990E-03
+40.700E-03,-47.990E-03
+40.800E-03,+29.840E-03
+40.900E-03,-47.990E-03
+41.000E-03,-47.990E-03
+41.100E-03,-47.990E-03
+41.200E-03,-47.990E-03
+41.300E-03,-47.990E-03
+41.400E-03,-47.990E-03
+41.500E-03,-47.990E-03
+41.600E-03,-47.990E-03
+41.700E-03,-39.386E-03
+41.800E-03,-47.990E-03
+41.900E-03,-47.990E-03
+42.000E-03,-33.518E-03
+42.100E-03,-47.990E-03
+42.200E-03,-47.990E-03
+42.300E-03,-47.990E-03
+42.400E-03,-47.990E-03
+42.500E-03,-47.990E-03
+42.600E-03,-47.990E-03
+42.700E-03,-47.990E-03
+42.800E-03,-47.990E-03
+42.900E-03,-47.990E-03
+43.000E-03,-47.990E-03
+43.100E-03,-47.990E-03
+43.200E-03,-47.990E-03
+43.300E-03,-47.990E-03
+43.400E-03,-47.990E-03
+43.500E-03,-47.990E-03
+43.600E-03,-47.990E-03
+43.700E-03,-47.990E-03
+43.800E-03,-47.990E-03
+43.900E-03,-47.990E-03
+44.000E-03,-47.990E-03
+44.100E-03,-47.990E-03
+44.200E-03,-47.990E-03
+44.300E-03,-47.990E-03
+44.400E-03,-90.121E-03
+44.500E-03,-47.990E-03
+44.600E-03,-47.990E-03
+44.700E-03,-47.990E-03
+44.800E-03,-47.990E-03
+44.900E-03,-78.463E-03
+45.000E-03,-43.971E-03
+45.100E-03,-47.990E-03
+45.200E-03,-55.388E-03
+45.300E-03,-20.895E-03
+45.400E-03,-47.990E-03
+45.500E-03,-47.990E-03
+45.600E-03,-47.990E-03
+45.700E-03,-47.990E-03
+45.800E-03,-47.990E-03
+45.900E-03,-47.990E-03
+46.000E-03,-47.990E-03
+46.100E-03,-47.990E-03
+46.200E-03,-47.990E-03
+46.300E-03,-47.990E-03
+46.400E-03,+27.910E-03
+46.500E-03,-47.990E-03
+46.600E-03,-47.990E-03
+46.700E-03,-47.990E-03
+46.800E-03,-47.990E-03
+46.900E-03,-64.150E-03
+47.000E-03,-47.990E-03
+47.100E-03,-43.247E-03
+47.200E-03,-47.990E-03
+47.300E-03,-47.990E-03
+47.400E-03,-20.172E-03
+47.500E-03,-47.990E-03
+47.600E-03,-47.990E-03
+47.700E-03,-47.990E-03
+47.800E-03,-43.006E-03
+47.900E-03,-47.990E-03
+48.000E-03,-47.990E-03
+48.100E-03,-100.332E-03
+48.200E-03,-47.990E-03
+48.300E-03,-47.990E-03
+48.400E-03,-47.990E-03
+48.500E-03,-47.990E-03
+48.600E-03,-47.990E-03
+48.700E-03,-47.990E-03
+48.800E-03,-47.990E-03
+48.900E-03,-47.990E-03
+49.000E-03,-47.990E-03
+49.100E-03,-47.990E-03
+49.200E-03,-47.990E-03
+49.300E-03,-8.031E-03
+49.400E-03,-47.990E-03
+49.500E-03,-47.990E-03
+49.600E-03,-47.990E-03
+49.700E-03,+15.287E-03
+49.800E-03,+3.627E-03
+49.900E-03,-47.990E-03
+50.000E-03,-47.990E-03
+50.100E-03,-47.990E-03
+50.200E-03,-99.609E-03
+50.300E-03,-111.266E-03
+50.400E-03,-47.990E-03
+50.500E-03,-47.990E-03
+50.600E-03,-47.990E-03
+50.700E-03,-47.990E-03
+50.800E-03,-47.990E-03
+50.900E-03,-47.990E-03
+51.000E-03,-111.507E-03
+51.100E-03,-47.990E-03
+51.200E-03,-47.990E-03
+51.300E-03,-47.990E-03
+51.400E-03,-47.990E-03
+51.500E-03,-47.990E-03
+51.600E-03,-47.990E-03
+51.700E-03,-47.990E-03
+51.800E-03,-47.990E-03
+51.900E-03,-47.990E-03
+52.000E-03,-47.990E-03
+52.100E-03,-47.990E-03
+52.200E-03,-47.990E-03
+52.300E-03,+2.905E-03
+52.400E-03,-47.990E-03
+52.500E-03,-66.080E-03
+52.600E-03,-47.990E-03
+52.700E-03,-47.990E-03
+52.800E-03,-8.753E-03
+52.900E-03,-47.990E-03
+53.000E-03,-47.990E-03
+53.100E-03,-47.990E-03
+53.200E-03,-47.990E-03
+53.300E-03,-47.990E-03
+53.400E-03,-47.990E-03
+53.500E-03,-47.990E-03
+53.600E-03,-52.493E-03
+53.700E-03,-47.990E-03
+53.800E-03,-47.990E-03
+53.900E-03,-47.990E-03
+54.000E-03,-47.990E-03
+54.100E-03,-47.990E-03
+54.200E-03,-86.745E-03
+54.300E-03,-43.728E-03
+54.400E-03,-47.990E-03
+54.500E-03,-47.990E-03
+54.600E-03,-47.990E-03
+54.700E-03,-47.990E-03
+54.800E-03,-47.990E-03
+54.900E-03,-47.990E-03
+55.000E-03,-47.990E-03
+55.100E-03,-47.990E-03
+55.200E-03,-47.990E-03
+55.300E-03,-47.990E-03
+55.400E-03,-47.990E-03
+55.500E-03,+24.775E-03
+55.600E-03,-47.990E-03
+55.700E-03,-47.990E-03
+55.800E-03,-47.990E-03
+55.900E-03,-47.990E-03
+56.000E-03,-47.990E-03
+56.100E-03,-47.990E-03
+56.200E-03,-47.990E-03
+56.300E-03,-47.990E-03
+56.400E-03,-47.990E-03
+56.500E-03,-47.990E-03
+56.600E-03,-47.990E-03
+56.700E-03,-47.990E-03
+56.800E-03,-47.990E-03
+56.900E-03,-47.990E-03
+57.000E-03,-47.990E-03
+57.100E-03,-47.990E-03
+57.200E-03,-16.795E-03
+57.300E-03,-47.990E-03
+57.400E-03,-47.990E-03
+57.500E-03,-47.990E-03
+57.600E-03,-47.990E-03
+57.700E-03,-47.990E-03
+57.800E-03,-47.990E-03
+57.900E-03,-47.990E-03
+58.000E-03,-33.517E-03
+58.100E-03,+12.393E-03
+58.200E-03,-47.990E-03
+58.300E-03,-47.990E-03
+58.400E-03,-47.990E-03
+58.500E-03,-47.990E-03
+58.600E-03,-47.990E-03
+58.700E-03,-47.990E-03
+58.800E-03,-47.990E-03
+58.900E-03,-22.341E-03
+59.000E-03,-47.990E-03
+59.100E-03,-47.990E-03
+59.200E-03,-47.990E-03
+59.300E-03,-47.990E-03
+59.400E-03,-33.999E-03
+59.500E-03,-47.990E-03
+59.600E-03,-47.990E-03
+59.700E-03,-47.990E-03
+59.800E-03,-47.990E-03
+59.900E-03,-47.990E-03
+60.000E-03,-47.990E-03
+60.100E-03,-61.740E-03
+60.200E-03,-47.990E-03
+60.300E-03,-73.157E-03
+60.400E-03,-47.990E-03
+60.500E-03,-47.990E-03
+60.600E-03,-47.990E-03
+60.700E-03,-47.990E-03
+60.800E-03,-47.990E-03
+60.900E-03,-47.990E-03
+61.000E-03,-47.990E-03
+61.100E-03,-47.990E-03
+61.200E-03,-47.990E-03
+61.300E-03,-47.990E-03
+61.400E-03,-47.990E-03
+61.500E-03,-115.125E-03
+61.600E-03,-107.167E-03
+61.700E-03,-47.990E-03
+61.800E-03,-47.990E-03
+61.900E-03,-47.990E-03
+62.000E-03,-47.990E-03
+62.100E-03,-47.990E-03
+62.200E-03,-47.990E-03
+62.300E-03,-47.990E-03
+62.400E-03,-47.990E-03
+62.500E-03,-47.990E-03
+62.600E-03,-12.130E-03
+62.700E-03,-47.990E-03
+62.800E-03,-47.990E-03
+62.900E-03,-47.990E-03
+63.000E-03,-47.990E-03
+63.100E-03,-47.990E-03
+63.200E-03,-47.990E-03
+63.300E-03,-47.990E-03
+63.400E-03,-47.990E-03
+63.500E-03,-47.990E-03
+63.600E-03,-47.990E-03
+63.700E-03,-47.990E-03
+63.800E-03,-47.990E-03
+63.900E-03,-47.990E-03
+64.000E-03,-47.990E-03
+64.100E-03,-47.990E-03
+64.200E-03,-47.990E-03
+64.300E-03,-47.990E-03
+64.400E-03,-47.990E-03
+64.500E-03,-47.990E-03
+64.600E-03,-47.990E-03
+64.700E-03,-47.990E-03
+64.800E-03,-47.990E-03
+64.900E-03,-47.990E-03
+65.000E-03,-47.990E-03
+65.100E-03,-47.990E-03
+65.200E-03,+8.934E-03
+65.300E-03,-47.990E-03
+65.400E-03,-47.990E-03
+65.500E-03,-47.990E-03
+65.600E-03,-47.990E-03
+65.700E-03,-47.990E-03
+65.800E-03,-47.990E-03
+65.900E-03,-47.990E-03
+66.000E-03,-36.735E-03
+66.100E-03,-47.990E-03
+66.200E-03,-47.990E-03
+66.300E-03,-47.990E-03
+66.400E-03,-47.990E-03
+66.500E-03,-47.990E-03
+66.600E-03,-47.990E-03
+66.700E-03,-47.990E-03
+66.800E-03,-47.990E-03
+66.900E-03,-47.990E-03
+67.000E-03,-47.990E-03
+67.100E-03,-47.990E-03
+67.200E-03,-47.990E-03
+67.300E-03,-47.990E-03
+67.400E-03,-47.990E-03
+67.500E-03,-47.990E-03
+67.600E-03,-47.990E-03
+67.700E-03,-47.990E-03
+67.800E-03,-47.990E-03
+67.900E-03,-47.990E-03
+68.000E-03,+9.899E-03
+68.100E-03,-47.990E-03
+68.200E-03,-14.059E-03
+68.300E-03,-47.990E-03
+68.400E-03,-47.990E-03
+68.500E-03,-47.990E-03
+68.600E-03,-71.627E-03
+68.700E-03,-47.990E-03
+68.800E-03,-47.990E-03
+68.900E-03,-47.990E-03
+69.000E-03,-47.990E-03
+69.100E-03,-47.990E-03
+69.200E-03,-47.990E-03
+69.300E-03,-47.990E-03
+69.400E-03,-47.990E-03
+69.500E-03,-47.990E-03
+69.600E-03,-1.036E-03
+69.700E-03,-47.990E-03
+69.800E-03,-47.990E-03
+69.900E-03,-47.990E-03
+70.000E-03,-47.990E-03
+70.100E-03,-47.990E-03
+70.200E-03,-47.990E-03
+70.300E-03,-795E-06
+70.400E-03,-47.990E-03
+70.500E-03,-47.990E-03
+70.600E-03,-47.990E-03
+70.700E-03,-104.031E-03
+70.800E-03,-47.990E-03
+70.900E-03,-47.990E-03
+71.000E-03,-47.990E-03
+71.100E-03,-47.990E-03
+71.200E-03,-47.990E-03
+71.300E-03,+112.814E-03
+71.400E-03,+273.618E-03
+71.500E-03,+434.422E-03
+71.600E-03,+662.443E-03
+71.700E-03,+803.708E-03
+71.800E-03,+995.468E-03
+71.900E-03,+1.077638E+00
+72.000E-03,+1.238442E+00
+72.100E-03,+1.374403E+00
+72.200E-03,+1.479648E+00
+72.300E-03,+1.573476E+00
+72.400E-03,+1.720854E+00
+72.500E-03,+1.881658E+00
+72.600E-03,+1.962060E+00
+72.700E-03,+2.042462E+00
+72.800E-03,+2.122864E+00
+72.900E-03,+2.224091E+00
+73.000E-03,+2.364070E+00
+73.100E-03,+2.444472E+00
+73.200E-03,+2.524874E+00
+73.300E-03,+2.605276E+00
+73.400E-03,+2.685678E+00
+73.500E-03,+2.766080E+00
+73.600E-03,+2.846482E+00
+73.700E-03,+2.926884E+00
+73.800E-03,+2.958885E+00
+73.900E-03,+3.007286E+00
+74.000E-03,+3.131106E+00
+74.100E-03,+3.159165E+00
+74.200E-03,+3.222925E+00
+74.300E-03,+3.248492E+00
+74.400E-03,+3.328894E+00
+74.500E-03,+3.409296E+00
+74.600E-03,+3.486966E+00
+74.700E-03,+3.452473E+00
+74.800E-03,+3.489698E+00
+74.900E-03,+3.544292E+00
+75.000E-03,+3.630401E+00
+75.100E-03,+3.650502E+00
+75.200E-03,+3.682021E+00
+75.300E-03,+3.733878E+00
+75.400E-03,+3.768371E+00
+75.500E-03,+3.811306E+00
+75.600E-03,+3.891709E+00
+75.700E-03,+3.891709E+00
+75.800E-03,+3.891709E+00
+75.900E-03,+3.972111E+00
+76.000E-03,+3.972111E+00
+76.100E-03,+4.009818E+00
+76.200E-03,+4.052513E+00
+76.300E-03,+4.052513E+00
+76.400E-03,+4.132915E+00
+76.500E-03,+4.132915E+00
+76.600E-03,+4.132915E+00
+76.700E-03,+4.213317E+00
+76.800E-03,+4.213317E+00
+76.900E-03,+4.213317E+00
+77.000E-03,+4.213317E+00
+77.100E-03,+4.274341E+00
+77.200E-03,+4.293719E+00
+77.300E-03,+4.293719E+00
+77.400E-03,+4.293719E+00
+77.500E-03,+4.331909E+00
+77.600E-03,+4.374121E+00
+77.700E-03,+4.374121E+00
+77.800E-03,+4.374121E+00
+77.900E-03,+4.374121E+00
+78.000E-03,+4.454523E+00
+78.100E-03,+4.378059E+00
+78.200E-03,+4.454523E+00
+78.300E-03,+4.454523E+00
+78.400E-03,+4.454523E+00
+78.500E-03,+4.454523E+00
+78.600E-03,+4.519328E+00
+78.700E-03,+4.504612E+00
+78.800E-03,+4.534925E+00
+78.900E-03,+4.534925E+00
+79.000E-03,+4.534925E+00
+79.100E-03,+4.534925E+00
+79.200E-03,+4.553579E+00
+79.300E-03,+4.534925E+00
+79.400E-03,+4.534925E+00
+79.500E-03,+4.615327E+00
+79.600E-03,+4.615327E+00
+79.700E-03,+4.615327E+00
+79.800E-03,+4.615327E+00
+79.900E-03,+4.615327E+00
+80.000E-03,+4.679649E+00
+80.100E-03,+4.615327E+00
+80.200E-03,+4.615327E+00
+80.300E-03,+4.654481E+00
+80.400E-03,+4.622081E+00
+80.500E-03,+4.667991E+00
+80.600E-03,+4.695729E+00
+80.700E-03,+4.631647E+00
+80.800E-03,+4.695729E+00
+80.900E-03,+4.695729E+00
+81.000E-03,+4.695729E+00
+81.100E-03,+4.695729E+00
+81.200E-03,+4.671285E+00
+81.300E-03,+4.633257E+00
+81.400E-03,+4.695729E+00
+81.500E-03,+4.695729E+00
+81.600E-03,+4.700873E+00
+81.700E-03,+4.736493E+00
+81.800E-03,+4.695729E+00
+81.900E-03,+4.695729E+00
+82.000E-03,+4.758441E+00
+82.100E-03,+4.695729E+00
+82.200E-03,+4.724835E+00
+82.300E-03,+4.695729E+00
+82.400E-03,+4.735607E+00
+82.500E-03,+4.695729E+00
+82.600E-03,+4.747669E+00
+82.700E-03,+4.758682E+00
+82.800E-03,+4.759086E+00
+82.900E-03,+4.747265E+00
+83.000E-03,+4.776131E+00
+83.100E-03,+4.776131E+00
+83.200E-03,+4.770341E+00
+83.300E-03,+4.776131E+00
+83.400E-03,+4.758924E+00
+83.500E-03,+4.776131E+00
+83.600E-03,+4.776131E+00
+83.700E-03,+4.776131E+00
+83.800E-03,+4.776131E+00
+83.900E-03,+4.776131E+00
+84.000E-03,+4.776131E+00
+84.100E-03,+4.776131E+00
+84.200E-03,+4.776131E+00
+84.300E-03,+4.776131E+00
+84.400E-03,+4.770021E+00
+84.500E-03,+4.735529E+00
+84.600E-03,+4.776131E+00
+84.700E-03,+4.776131E+00
+84.800E-03,+4.839808E+00
+84.900E-03,+4.838765E+00
+85.000E-03,+4.776131E+00
+85.100E-03,+4.776131E+00
+85.200E-03,+4.816974E+00
+85.300E-03,+4.776131E+00
+85.400E-03,+4.776131E+00
+85.500E-03,+4.776131E+00
+85.600E-03,+4.776131E+00
+85.700E-03,+4.828632E+00
+85.800E-03,+4.849941E+00
+85.900E-03,+4.776131E+00
+86.000E-03,+4.776131E+00
+86.100E-03,+4.776131E+00
+86.200E-03,+4.776131E+00
+86.300E-03,+4.776131E+00
+86.400E-03,+4.776131E+00
+86.500E-03,+4.776131E+00
+86.600E-03,+4.817456E+00
+86.700E-03,+4.851949E+00
+86.800E-03,+4.776131E+00
+86.900E-03,+4.776131E+00
+87.000E-03,+4.794622E+00
+87.100E-03,+4.803549E+00
+87.200E-03,+4.849458E+00
+87.300E-03,+4.776131E+00
+87.400E-03,+4.776131E+00
+87.500E-03,+4.806280E+00
+87.600E-03,+4.776131E+00
+87.700E-03,+4.794863E+00
+87.800E-03,+4.776131E+00
+87.900E-03,+4.776131E+00
+88.000E-03,+4.814725E+00
+88.100E-03,+4.776131E+00
+88.200E-03,+4.826142E+00
+88.300E-03,+4.856533E+00
+88.400E-03,+4.776131E+00
+88.500E-03,+4.829597E+00
+88.600E-03,+4.776131E+00
+88.700E-03,+4.856533E+00
+88.800E-03,+4.776131E+00
+88.900E-03,+4.776131E+00
+89.000E-03,+4.776131E+00
+89.100E-03,+4.776131E+00
+89.200E-03,+4.802825E+00
+89.300E-03,+4.783929E+00
+89.400E-03,+4.814242E+00
+89.500E-03,+4.852914E+00
+89.600E-03,+4.825659E+00
+89.700E-03,+4.856533E+00
+89.800E-03,+4.776131E+00
+89.900E-03,+4.776131E+00
+90.000E-03,+4.856533E+00
+90.100E-03,+4.856533E+00
+90.200E-03,+4.776131E+00
+90.300E-03,+4.856533E+00
+90.400E-03,+4.856533E+00
+90.500E-03,+4.776131E+00
+90.600E-03,+4.776131E+00
+90.700E-03,+4.784411E+00
+90.800E-03,+4.776131E+00
+90.900E-03,+4.856533E+00
+91.000E-03,+4.776131E+00
+91.100E-03,+4.841979E+00
+91.200E-03,+4.856533E+00
+91.300E-03,+4.830562E+00
+91.400E-03,+4.776131E+00
+91.500E-03,+4.776131E+00
+91.600E-03,+4.853637E+00
+91.700E-03,+4.856533E+00
+91.800E-03,+4.856533E+00
+91.900E-03,+4.856533E+00
+92.000E-03,+4.776131E+00
+92.100E-03,+4.847770E+00
+92.200E-03,+4.856533E+00
+92.300E-03,+4.856533E+00
+92.400E-03,+4.776131E+00
+92.500E-03,+4.776131E+00
+92.600E-03,+4.796552E+00
+92.700E-03,+4.776131E+00
+92.800E-03,+4.856533E+00
+92.900E-03,+4.813036E+00
+93.000E-03,+4.856533E+00
+93.100E-03,+4.856533E+00
+93.200E-03,+4.776131E+00
+93.300E-03,+4.796793E+00
+93.400E-03,+4.801378E+00
+93.500E-03,+4.856533E+00
+93.600E-03,+4.819868E+00
+93.700E-03,+4.856533E+00
+93.800E-03,+4.856533E+00
+93.900E-03,+4.842944E+00
+94.000E-03,+4.835629E+00
+94.100E-03,+4.801137E+00
+94.200E-03,+4.856533E+00
+94.300E-03,+4.812554E+00
+94.400E-03,+4.778061E+00
+94.500E-03,+4.823971E+00
+94.600E-03,+4.843185E+00
+94.700E-03,+4.856533E+00
+94.800E-03,+4.856533E+00
+94.900E-03,+4.856533E+00
+95.000E-03,+4.812313E+00
+95.100E-03,+4.854843E+00
+95.200E-03,+4.808934E+00
+95.300E-03,+4.843426E+00
+95.400E-03,+4.776131E+00
+95.500E-03,+4.856533E+00
+95.600E-03,+4.786099E+00
+95.700E-03,+4.820592E+00
+95.800E-03,+4.856533E+00
+95.900E-03,+4.856533E+00
+96.000E-03,+4.776131E+00
+96.100E-03,+4.856533E+00
+96.200E-03,+4.776131E+00
+96.300E-03,+4.786341E+00
+96.400E-03,+4.856533E+00
+96.500E-03,+4.776131E+00
+96.600E-03,+4.776131E+00
+96.700E-03,+4.776131E+00
+96.800E-03,+4.856533E+00
+96.900E-03,+4.832491E+00
+97.000E-03,+4.846081E+00
+97.100E-03,+4.821074E+00
+97.200E-03,+4.855567E+00
+97.300E-03,+4.823006E+00
+97.400E-03,+4.844150E+00
+97.500E-03,+4.834423E+00
+97.600E-03,+4.776131E+00
+97.700E-03,+4.776131E+00
+97.800E-03,+4.776131E+00
+97.900E-03,+4.856533E+00
+98.000E-03,+4.822765E+00
+98.100E-03,+4.844391E+00
+98.200E-03,+4.834182E+00
+98.300E-03,+4.799689E+00
+98.400E-03,+4.776131E+00
+98.500E-03,+4.856533E+00
+98.600E-03,+4.776614E+00
+98.700E-03,+4.776131E+00
+98.800E-03,+4.844632E+00
+98.900E-03,+4.798723E+00
+99.000E-03,+4.833215E+00
+99.100E-03,+4.776131E+00
+99.200E-03,+4.810865E+00
+99.300E-03,+4.856533E+00
+99.400E-03,+4.776131E+00
+99.500E-03,+4.856533E+00
+99.600E-03,+4.856533E+00
+99.700E-03,+4.776131E+00
+99.800E-03,+4.787547E+00
+99.900E-03,+4.810624E+00
