<?xml version="1.0" encoding="UTF-8"?>
<metadata xml:lang="en"><Esri><DataProperties><copyHistory><copy source="H:\IMGISs13\Labs\Global\NASA_blue-marble_February2004_025deg.tif" dest="\\compass.rowan.edu\GIS\Courses\IMGIS\Labs\Global\NASA_blue-marble_February2004_025deg.tif" date="20130207" time="11372700"></copy></copyHistory><itemProps><itemLocation><linkage Sync="TRUE">file://\\compass.rowan.edu\GIS\Courses\IMGIS\Labs\Global\NASA_blue-marble_February2004_025deg.tif</linkage><protocol Sync="TRUE">Local Area Network</protocol></itemLocation></itemProps></DataProperties><CreaDate>20130207</CreaDate><CreaTime>11372700</CreaTime><SyncOnce>TRUE</SyncOnce></Esri></metadata>
