<?xml version="1.0" encoding="UTF-8"?>
<metadata xml:lang="en"><Esri><CreaDate>20130130</CreaDate><CreaTime>22215600</CreaTime><ArcGISFormat>1.0</ArcGISFormat><SyncOnce>TRUE</SyncOnce><DataProperties><itemProps><itemLocation><linkage Sync="TRUE">file://\\CHRISTMAN-ROWAN\C$\DATA\IMGISexamples\Lab_1_Data\ne_110m_ocean</linkage><protocol Sync="TRUE">Local Area Network</protocol></itemLocation></itemProps><copyHistory><copy source="C:\DATA\NaturalEarth\110m_physical\ne_110m_ocean" dest="\\CHRISTMAN-ROWAN\C$\DATA\IMGISexamples\Lab_1_Data\ne_110m_ocean" date="20130130" time="22215600"></copy></copyHistory></DataProperties></Esri></metadata>
