<?xml version="1.0" encoding="UTF-8"?>
<metadata xml:lang="en"><Esri><DataProperties><copyHistory><copy source="H:\IMGISs13\Labs\Global\tissot" dest="\\compass.rowan.edu\GIS\Courses\IMGIS\Labs\Global\tissot" date="20130207" time="11373100"></copy></copyHistory><itemProps><itemLocation><linkage Sync="TRUE">file://\\compass.rowan.edu\GIS\Courses\IMGIS\Labs\Global\tissot</linkage><protocol Sync="TRUE">Local Area Network</protocol></itemLocation></itemProps></DataProperties><CreaDate>20130207</CreaDate><CreaTime>11373100</CreaTime><SyncOnce>TRUE</SyncOnce></Esri></metadata>
